weapon_name,upgrade_name,hint,cost,weaponVO,weaponVOresp,ammo_cost,create_vox,obsolete_false,in_box,upgrade_in_box,is_limited,limit,upgrade_limit,obsolete2_false,wallbuy_autospawn,class,is_aat_exempt,is_wonder_weapon,force_attachments,
stielhandgranate,,,250,grenade,,250,,,FALSE,FALSE,FALSE,,,FALSE,TRUE,grenade,TRUE,,,
mine_bouncing_betty,,ZOMBIE_BETTY_PURCHASE,1000,grenade,,1000,,,FALSE,FALSE,FALSE,,,FALSE,TRUE,grenade,,,,
zombie_cymbal_monkey,,,2000,monkey,,,,,TRUE,FALSE,FALSE,,,FALSE,TRUE,grenade,,,,
molotov_zombie,,,2000,crappy,,,,,TRUE,FALSE,FALSE,,,FALSE,TRUE,grenade,,,,
knife,,,0,,,0,,,FALSE,FALSE,,,,FALSE,FALSE,special,TRUE,,,
knife_bowie,,,3000,,,0,,,FALSE,FALSE,,,,FALSE,FALSE,special,TRUE,,,
zombie_ray_gun,zombie_ray_gun_upgraded,,10000,wpck_ray,,,,,TRUE,FALSE,FALSE,,,FALSE,TRUE,special,TRUE,TRUE,,
zombie_tesla_gun,zombie_tesla_gun_upgraded,,10000,tesla,,,,,TRUE,FALSE,TRUE,1,,FALSE,TRUE,special,TRUE,TRUE,,
zombie_colt,zombie_colt_upgraded,,50,crappy,,0,,,FALSE,FALSE,TRUE,0,,FALSE,FALSE,pistol,TRUE,,,
zombie_sw_357,zombie_sw_357_upgraded,,100,wpck_357,,,,,TRUE,FALSE,FALSE,,,FALSE,TRUE,pistol,TRUE,,,
zombie_m1garand,zombie_m1garand_upgraded,,600,rifle,,,,,TRUE,FALSE,FALSE,,,FALSE,TRUE,rifle,TRUE,,,
zombie_kar98k,zombie_kar98k_upgraded,,200,rifle,,,,,TRUE,FALSE,FALSE,,,FALSE,TRUE,rifle,TRUE,,,
zombie_gewehr43,zombie_gewehr43_upgraded,,600,rifle,,,,,TRUE,FALSE,FALSE,,,FALSE,TRUE,rifle,TRUE,,,
zombie_m1carbine,zombie_m1carbine_upgraded,,600,rifle,,,,,TRUE,FALSE,FALSE,,,FALSE,TRUE,rifle,TRUE,,,
zombie_stg44,zombie_stg44_upgraded,,1200,mg,,,,,TRUE,FALSE,FALSE,,,FALSE,TRUE,mg,TRUE,,,
zombie_fg42,zombie_fg42_upgraded,,1500,mg,,,,,TRUE,FALSE,FALSE,,,FALSE,TRUE,mg,TRUE,,,
zombie_bar,zombie_bar_upgraded,,1800,wpck_bar,,,,,TRUE,FALSE,FALSE,,,FALSE,TRUE,mg,TRUE,,,
zombie_mg42,zombie_mg42_upgraded,,3000,mg,,,,,TRUE,FALSE,FALSE,,,FALSE,TRUE,mg,TRUE,,,
zombie_30cal,zombie_30cal_upgraded,,3000,mg,,,,,TRUE,FALSE,FALSE,,,FALSE,TRUE,mg,TRUE,,,
zombie_thompson,zombie_thompson_upgraded,,1200,smg,,,,,TRUE,FALSE,FALSE,,,FALSE,TRUE,smg,TRUE,,,
zombie_mp40,zombie_mp40_upgraded,,1000,wpck_mp40,,,,,TRUE,FALSE,FALSE,,,FALSE,TRUE,smg,TRUE,,,
zombie_ppsh,zombie_ppsh_upgraded,,2000,wpck_ppsh,,,,,TRUE,FALSE,FALSE,,,FALSE,TRUE,smg,TRUE,,,
zombie_type100_smg,zombie_type100_smg_upgraded,,1000,smg,,,,,TRUE,FALSE,FALSE,,,FALSE,TRUE,smg,TRUE,,,
zombie_doublebarrel,zombie_doublebarrel_upgraded,,1200,shotgun,,,,,TRUE,FALSE,FALSE,,,FALSE,TRUE,shotgun,TRUE,,,
zombie_shotgun,zombie_shotgun_upgraded,,1500,shotgun,,,,,TRUE,FALSE,FALSE,,,FALSE,TRUE,shotgun,TRUE,,,
m1garand_gl_zombie,m1garand_gl_zombie_upgraded,,1500,rifle,,,,,TRUE,FALSE,FALSE,,,FALSE,TRUE,rifle,TRUE,,,
ptrs41_zombie,ptrs41_zombie_upgraded,,750,sniper,,,,,TRUE,FALSE,FALSE,,,FALSE,TRUE,sniper,TRUE,,,
m2_flamethrower_zombie,m2_flamethrower_zombie_upgraded,,3000,flame,,,,,TRUE,FALSE,FALSE,,,FALSE,TRUE,special,TRUE,,,
panzershreck_zombie,panzershreck_zombie_upgraded,,3000,wpck_panzer,,,,,TRUE,FALSE,FALSE,,,FALSE,TRUE,special,TRUE,,,
t4_m1911,t4_m1911_up,,100,pistol,,,,,FALSE,FALSE,FALSE,,,FALSE,TRUE,pistol,,,
t5_m1911,t5_m1911_rdw_up,,300,pistol,,,,,FALSE,FALSE,FALSE,,,FALSE,TRUE,pistol,TRUE,,
t4_ray_gun,t4_ray_gun_up,,10000,wpck_ray,,,,,TRUE,FALSE,FALSE,,,FALSE,TRUE,special,TRUE,TRUE,
t4_kar98k,t4_kar98k_up,,200,rifle,,,,,FALSE,FALSE,FALSE,,,FALSE,TRUE,grenade,,,
t4_carbine,t4_carbine_up,,600,rifle,,,,,FALSE,FALSE,FALSE,,,FALSE,TRUE,rifle,,,
t4_g43,t4_g43_up,,600,rifle,,,,,FALSE,FALSE,FALSE,,,FALSE,TRUE,rifle,,,
t4_mp44,t4_mp44_up,,1200,rifle,,,,,FALSE,FALSE,FALSE,,,FALSE,TRUE,rifle,,,
t4_type100,t4_type100_up,,1000,smg,,,,,FALSE,FALSE,FALSE,,,FALSE,TRUE,smg,,,
t4_thompson,t4_thompson_up,,1200,smg,,,,,FALSE,FALSE,FALSE,,,FALSE,TRUE,smg,,,
t4_fg42,t4_fg42_up,,1800,rifle,,,,,FALSE,FALSE,FALSE,,,FALSE,TRUE,lmg,,,
t4_m1897,t4_m1897_up,,1500,shotgun,,,,,FALSE,FALSE,FALSE,,,FALSE,TRUE,shotgun,,,
t4_db,t4_db_up,,1200,shotgun,,,,,FALSE,FALSE,FALSE,,,FALSE,TRUE,shotgun,,,
t4_m1,t4_m1_up,,600,rifle,,,,,FALSE,FALSE,FALSE,,,FALSE,TRUE,rifle,,,
t4_m1garand_rg,t4_m1garand_rg_up,,2250,rifle,,,,,FALSE,FALSE,FALSE,,,FALSE,TRUE,rifle,,,
t4_bar,t4_bar_up,,1800,lmg,,,,,FALSE,FALSE,FALSE,,,FALSE,TRUE,lmg,,,
t4_m1919,t4_m1919_up,,3000,lmg,,,,,FALSE,FALSE,FALSE,,,FALSE,TRUE,lmg,,,
t4_mg42,t4_mg42_up,,3000,lmg,,,,,FALSE,FALSE,FALSE,,,FALSE,TRUE,lmg,,,
t4_mp40,t4_mp40_up,,1000,smg,,,,,FALSE,FALSE,FALSE,,,FALSE,TRUE,smg,,,
t4_ppsh,t4_ppsh_up,,2500,smg,,,,,FALSE,FALSE,FALSE,,,FALSE,TRUE,smg,,,
t4_ptrs,t4_ptrs_up,,2000,rifle,,,,,FALSE,FALSE,FALSE,,,FALSE,TRUE,rifle,,,
t4_357,t4_357_up,,1500,pistol,,,,,FALSE,FALSE,FALSE,,,FALSE,TRUE,pistol,,,
t4_panzerschreck,t4_panzerschreck_up,,3000,launcher,,,,,FALSE,FALSE,FALSE,,,FALSE,TRUE,launcher,TRUE,,
m2_flamethrower,m2_flamethrower_up,,2500,special,,,,,FALSE,FALSE,TRUE,1,,FALSE,TRUE,special,,,