weapon_name,upgrade_name,hint,cost,weaponVO,weaponVOresp,ammo_cost,create_vox,is_zcleansed,in_box,upgrade_in_box,is_limited,limit,upgrade_limit,content_restrict,wallbuy_autospawn,class,is_aat_exempt,is_wonder_weapon,force_attachments
t5_m1911,t5_m1911_rdw_up,,300,pistol,,,,,FALSE,FALSE,FALSE,,,FALSE,TRUE,pistol,TRUE,,
claymore_custom,,,1000,betty,,,,,FALSE,FALSE,FALSE,,,FALSE,TRUE,grenade,,,
bo1_bouncingbetty,,,1000,betty,,5194303,,,FALSE,FALSE,FALSE,,,FALSE,TRUE,grenade,,,
bouncingbetty,,,1000,betty,,,,,FALSE,FALSE,FALSE,,,FALSE,TRUE,grenade,,,
cymbal_monkey,,,2000,monkey,,,,,TRUE,FALSE,FALSE,,,FALSE,TRUE,grenade,,,
frag_grenade,,,250,grenade,,250,,,FALSE,FALSE,FALSE,,,FALSE,TRUE,grenade,,,
sticky_grenade_custom,,,250,grenade,,250,,,FALSE,FALSE,FALSE,,,FALSE,TRUE,grenade,,,
knife,,,0,,,0,,,FALSE,FALSE,,,,FALSE,FALSE,special,,,
bowie_knife,,,3000,wpck_bowie,,,,,FALSE,FALSE,,,,FALSE,FALSE,special,,,
t4_ray_gun,t4_ray_gun_camo_up,,10000,wpck_ray,,,,,TRUE,FALSE,FALSE,,,FALSE,TRUE,special,TRUE,TRUE,
tesla_gun,tesla_gun_upgraded,,10000,tesla,,,,,TRUE,FALSE,TRUE,1,,FALSE,TRUE,special,TRUE,TRUE,
t4_kar98k,t4_kar98k_up,,200,rifle,,,,,FALSE,FALSE,FALSE,,,FALSE,TRUE,grenade,,,
t4_carbine,t4_carbine_up,,600,rifle,,,,,FALSE,FALSE,FALSE,,,FALSE,TRUE,rifle,,,
t4_g43,t4_g43_up,,600,rifle,,,,,FALSE,FALSE,FALSE,,,FALSE,TRUE,rifle,,,
t4_mp44,t4_mp44_up,,1200,rifle,,,,,FALSE,FALSE,FALSE,,,FALSE,TRUE,rifle,,,
t4_type100,t4_type100_up,,1000,smg,,,,,FALSE,FALSE,FALSE,,,FALSE,TRUE,smg,,,
t4_thompson,t4_thompson_up,,1200,smg,,,,,FALSE,FALSE,FALSE,,,FALSE,TRUE,smg,,,
t4_fg42,t4_fg42_up,,1800,rifle,,,,,FALSE,FALSE,FALSE,,,FALSE,TRUE,lmg,,,
t4_m1897,t4_m1897_up,,1500,shotgun,,,,,FALSE,FALSE,FALSE,,,FALSE,TRUE,shotgun,,,
t4_db,t4_db_up,,1200,shotgun,,,,,FALSE,FALSE,FALSE,,,FALSE,TRUE,shotgun,,,
t5_ak74u,t5_ak74u_up,,1200,smg,,,,,FALSE,FALSE,FALSE,,,FALSE,TRUE,smg,,,
t5_aug,t5_aug_up,,1200,rifle,,,,,TRUE,FALSE,FALSE,,,FALSE,TRUE,rifle,,,
t5_china_lake,t5_china_lake_up,,1600,launcher,,,,,TRUE,FALSE,FALSE,,,FALSE,TRUE,launcher,TRUE,,
t5_commando,t5_commando_up,,1400,rifle,,,,,TRUE,FALSE,FALSE,,,FALSE,TRUE,rifle,,,
t5_cz75,t5_cz75_up,,700,pistol,,,,,TRUE,FALSE,FALSE,,,FALSE,TRUE,pistol,,,
t5_cz75_rdw,t5_cz75_rdw_up,,1100,pistol,,,,,TRUE,FALSE,FALSE,,,FALSE,TRUE,pistol,,,
t5_dragunov,t5_dragunov_up,,1750,sniper,,,,,TRUE,FALSE,FALSE,,,FALSE,TRUE,sniper,,,
t5_famas,t5_famas_up,,1300,rifle,,,,,TRUE,FALSE,FALSE,,,FALSE,TRUE,rifle,,,
t5_fal,t5_fal_up,,1500,rifle,,,,,TRUE,FALSE,FALSE,,,FALSE,TRUE,rifle,,, 
t5_g11,t5_g11_up,,1700,rifle,,,,,TRUE,FALSE,FALSE,,,FALSE,TRUE,rifle,,,
t5_galil,t5_galil_up,,1500,rifle,,,,,TRUE,FALSE,FALSE,,,FALSE,TRUE,rifle,,,
t5_hk21,t5_hk21_up,,2750,lmg,,,,,TRUE,FALSE,FALSE,,,FALSE,TRUE,lmg,,,
t5_hs10,t5_hs10_rdw_up,,1400,shotgun,,,,,TRUE,FALSE,FALSE,,,FALSE,TRUE,shotgun,,,
t5_l96a1,t5_l96a1_up,,1900,sniper,,,,,TRUE,FALSE,FALSE,,,FALSE,TRUE,sniper,,,
t5_m14,t5_m14_up,,500,rifle,,,,,FALSE,FALSE,FALSE,,,FALSE,TRUE,rifle,,,
t5_m16a1,t5_m16a1_up,,1200,rifle,,,,,FALSE,FALSE,FALSE,,,FALSE,TRUE,rifle,,,
t5_m72,t5_m72_up,,3000,launcher,,,,,TRUE,FALSE,FALSE,,,FALSE,TRUE,launcher,TRUE,,
t5_minigun,t5_minigun_up,,9000,lmg,,,,,FALSE,FALSE,FALSE,,,FALSE,TRUE,lmg,,,
t5_mp5k,t5_mp5k_up,,1000,smg,,,,,FALSE,FALSE,FALSE,,,FALSE,TRUE,smg,,,
t5_mp40,t5_mp40_up,,1000,smg,,,,,FALSE,FALSE,FALSE,,,FALSE,TRUE,smg,,,
t5_mpl,t5_mpl_up,,1000,smg,,,,,FALSE,FALSE,FALSE,,,FALSE,TRUE,smg,,,
t5_olympia,t5_olympia_up,,500,shotgun,,,,,FALSE,FALSE,FALSE,,,FALSE,TRUE,shotgun,,,
t5_pm63,t5_pm63_rdw_up,,1000,smg,,,,,FALSE,FALSE,FALSE,,,FALSE,TRUE,smg,,,
t5_python,t5_python_rdw_up,,1300,pistol,,,,,TRUE,FALSE,FALSE,,,FALSE,TRUE,pistol,,,
t5_rpk,t5_rpk_up,,2500,lmg,,,,,TRUE,FALSE,FALSE,,,FALSE,TRUE,lmg,,,
t5_spas12,t5_spas12_up,,1250,shotgun,,,,,TRUE,FALSE,FALSE,,,FALSE,TRUE,shotgun,,,
t5_spectre,t5_spectre_up,,1100,smg,,,,,TRUE,FALSE,FALSE,,,FALSE,TRUE,smg,,,
t5_stakeout,t5_stakeout_up,,1500,shotgun,,,,,FALSE,FALSE,FALSE,,,FALSE,TRUE,shotgun,,,
t5_crossbow,t5_crossbow_up,,5000,special,,,,,TRUE,FALSE,TRUE,1,,FALSE,TRUE,special,TRUE,,
t5_bk_base_normal_bo1,t5_bk_base_upgraded_bo1,,0,,,0,,,TRUE,FALSE,TRUE,1,1,FALSE,FALSE,special,,,,
t5_bk_bowie_wallbuy,,,3000,,,0,,,FALSE,FALSE,,,,FALSE,FALSE,special,,,,
t5_bk_bowie_normal_bo1,t5_bk_bowie_upgraded_bo1,,0,,,0,,,FALSE,FALSE,TRUE,1,1,FALSE,FALSE,special,,,,